,idade,renda_anual,pontuacao_credito,historico_pagamento,valor_emprestimo,bom_pagador
0,56,145055,680,1,24522,1
1,69,81268,735,7,14095,0
2,46,112201,782,1,28047,1
3,32,58243,324,2,25470,0
4,60,77384,416,9,48129,0
5,25,51653,781,0,13531,1
6,38,46657,691,1,42038,1
7,56,59952,836,6,27403,0
8,36,42180,378,9,47674,0
9,40,117432,472,1,34122,0
10,28,141829,311,5,21940,0
11,28,148377,427,2,34831,0
12,41,98411,391,3,16279,0
13,53,21622,842,7,43220,0
14,57,68756,831,2,11477,1
15,41,60809,746,9,22400,0
16,20,36725,689,5,11470,0
17,39,81396,342,0,7062,0
18,19,71226,553,6,46798,0
19,41,126296,429,7,24880,0
20,61,101182,359,7,39581,0
21,47,102565,766,2,49439,1
22,55,49402,586,9,19308,0
23,19,24263,816,0,31027,1
24,38,143489,766,8,35720,0
25,50,116523,644,5,40081,0
26,29,66828,681,8,14706,0
27,39,140824,552,6,14837,0
28,61,67924,355,0,43599,0
29,42,94182,762,0,41824,1
30,66,113065,756,5,38073,0
31,44,79052,382,4,37088,0
32,59,31664,398,8,33112,0
33,45,55737,448,1,31299,0
34,33,121332,628,7,39457,0
35,32,109563,455,4,35063,0
36,64,49373,489,1,8917,0
37,68,137369,793,9,7936,0
38,61,56397,562,5,41630,0
39,69,148575,379,9,19506,0
40,20,106145,699,7,33805,0
41,54,121371,559,3,19318,0
42,68,58709,400,1,31026,0
43,24,136074,658,4,32672,0
44,38,81120,679,1,43417,1
45,26,39250,520,1,32281,0
46,56,41172,719,5,33091,0
47,35,31555,423,9,43328,0
48,21,107410,721,8,23610,0
49,42,98617,530,3,6079,0
50,31,73276,362,5,34850,0
51,67,77492,784,6,25590,0
52,26,73002,782,5,35951,0
53,43,140103,818,7,20327,0
54,19,144938,454,3,17755,0
55,37,109599,391,0,12235,0
56,45,92355,825,6,22197,0
57,64,111248,754,2,26473,1
58,24,44762,809,5,7031,0
59,61,31046,482,1,46282,0
60,25,116999,685,8,46863,0
61,64,144130,704,0,19287,1
62,52,136021,545,5,43679,0
63,31,48769,770,5,49463,0
64,34,73302,722,4,37230,0
65,53,43150,364,4,24037,0
66,67,88247,312,0,32052,0
67,57,24853,512,9,8340,0
68,21,114613,541,4,45644,0
69,19,140900,792,1,6141,1
70,23,109399,512,6,30425,0
71,59,41792,637,2,24281,1
72,21,79129,472,3,47049,0
73,46,126019,463,2,25425,0
74,35,94478,764,2,39806,1
75,43,133811,796,3,37113,1
76,61,134130,694,4,9270,0
77,51,87298,607,0,47814,1
78,27,51987,482,3,9683,0
79,53,35850,809,7,44884,0
80,31,32112,845,9,34809,0
81,48,141789,526,6,39552,0
82,65,44058,735,8,8786,0
83,32,65420,721,4,26650,0
84,25,58890,320,9,33706,0
85,31,86017,696,3,14190,1
86,40,67304,404,7,43196,0
87,57,52921,491,8,44449,0
88,38,125921,316,6,44661,0
89,33,21524,419,6,34709,0
90,62,120424,692,4,19892,0
91,35,35048,724,3,14643,1
92,64,55111,428,9,14943,0
93,41,57904,429,0,48240,0
94,43,74912,328,9,26042,0
95,42,54008,396,9,48894,0
96,62,20060,309,6,11869,0
97,58,94666,541,0,45437,0
98,46,103559,531,0,49306,0
99,32,75337,583,4,47833,0
100,62,130616,499,8,25918,0
101,18,33350,378,5,33379,0
102,42,44354,472,2,47939,0
103,24,65186,766,2,30274,1
104,26,48145,715,6,22696,0
105,41,54020,748,5,7962,0
106,18,106123,386,8,18851,0
107,61,126667,400,5,10296,0
108,25,95186,307,4,19745,0
109,41,105469,499,9,10730,0
110,28,40581,804,6,18921,0
111,68,108929,386,0,37894,0
112,34,43051,342,6,10602,0
113,25,71474,684,2,22575,1
114,52,111748,734,8,24023,0
115,52,145995,707,5,20997,0
116,50,134618,782,8,22750,0
117,22,89626,316,4,46979,0
118,59,26960,447,6,27837,0
119,56,55772,576,3,19997,0
120,58,41520,531,6,44439,0
121,45,69481,665,0,28067,1
122,24,56408,527,6,25923,0
123,26,114006,735,7,13876,0
124,25,148496,698,4,7887,0
125,29,77134,510,1,47422,0
126,51,40491,690,4,41854,0
127,50,21341,798,5,41948,0
128,65,64623,839,1,7841,1
129,40,110327,790,5,33756,0
130,41,20338,741,5,11040,0
131,54,91431,560,0,15304,0
132,52,32254,649,0,35341,1
133,61,71860,651,9,9758,0
134,57,31344,819,2,22010,1
135,39,21750,619,9,36658,0
136,44,74756,437,9,42782,0
137,52,87957,849,2,6375,1
138,18,125423,667,3,38949,1
139,52,78053,519,1,27092,0
140,54,90855,636,8,5490,0
141,64,35896,522,9,8729,0
142,31,75761,659,6,10974,0
143,20,82552,628,6,24680,0
144,18,140075,762,5,23324,0
145,22,97454,681,2,36334,1
146,43,146522,468,5,26398,0
147,31,138681,516,7,39650,0
148,56,110600,677,7,26292,0
149,44,142732,418,8,40755,0
150,26,132153,489,0,43353,0
151,32,142926,669,0,8159,1
152,32,47935,448,2,37626,0
153,43,57641,787,2,34351,1
154,59,49711,673,9,42298,0
155,30,90342,459,7,22065,0
156,68,126896,650,9,26638,0
157,49,32182,587,0,6073,0
158,56,107833,587,1,23771,0
159,66,76276,525,1,40461,0
160,69,39541,822,2,47330,1
161,49,114457,821,5,34320,0
162,21,102310,572,0,9340,0
163,47,64813,701,1,39924,1
164,54,57198,482,0,21184,0
165,40,28820,787,4,45734,0
166,56,44070,423,6,7580,0
167,62,89768,713,7,45025,0
168,32,31122,471,9,33967,0
169,60,100559,587,0,7159,0
170,46,93543,734,6,18900,0
171,53,103441,412,4,16440,0
172,30,61786,421,9,19678,0
173,49,114934,843,0,17021,1
174,24,119804,521,2,11772,0
175,68,26737,338,6,6627,0
176,39,56062,796,9,49432,0
177,45,74237,532,0,13219,0
178,19,71571,829,6,28464,0
179,59,45510,448,4,35232,0
180,62,39426,696,0,47481,1
181,23,57265,601,0,13488,1
182,45,37850,659,0,39949,1
183,45,138249,537,8,49362,0
184,61,86150,535,2,44932,0
185,61,107312,502,4,23981,0
186,37,109613,555,9,5901,0
187,47,94910,534,8,27444,0
188,28,72375,644,5,47058,0
189,45,141826,833,8,23061,0
190,42,55435,765,7,7881,0
191,56,116443,840,7,34863,0
192,50,77132,512,0,10622,0
193,18,98945,762,8,6378,0
194,44,102050,735,5,22632,0
195,69,149828,582,8,33311,0
196,30,115402,762,2,10650,1
197,58,22983,706,2,47224,1
198,20,117241,387,5,12036,0
199,56,40662,343,8,44255,0
200,23,43510,760,6,27499,0
201,25,98187,577,2,42016,0
202,44,60998,720,2,9603,1
203,26,76846,652,1,32773,1
204,54,114071,814,8,24937,0
205,50,26640,318,2,17632,0
206,68,64547,322,4,35607,0
207,59,74620,712,8,31337,0
208,61,35317,329,7,5220,0
209,41,135608,407,1,9818,0
210,32,27564,666,2,12349,1
211,49,47345,580,1,10618,0
212,49,133824,427,7,32464,0
213,41,114223,528,5,47624,0
214,58,143372,410,5,42344,0
215,69,99273,435,8,23255,0
216,66,94859,661,7,29299,0
217,66,100765,485,3,6462,0
218,69,130017,428,3,20905,0
219,29,94038,560,8,29920,0
220,56,143618,814,0,21252,1
221,19,72393,748,1,46004,1
222,20,86081,403,1,45581,0
223,66,145341,782,5,39836,0
224,54,122650,523,3,10753,0
225,66,49430,790,9,45005,0
226,34,95532,772,2,19175,1
227,66,47788,309,2,11191,0
228,19,115505,704,2,22898,1
229,19,68543,601,5,23982,0
230,45,33919,530,7,19622,0
231,40,89346,365,6,6001,0
232,54,116122,411,3,48000,0
233,49,59974,312,3,28283,0
234,50,127309,692,9,26435,0
235,18,36371,799,1,32223,1
236,36,65084,533,0,42244,0
237,19,49629,613,8,35024,0
238,61,71184,311,1,35734,0
239,43,81916,508,7,5515,0
240,49,147293,313,8,6191,0
241,23,93972,717,3,37264,1
242,49,82187,736,7,48628,0
243,21,32984,676,8,11297,0
244,28,53039,319,9,32856,0
245,34,105431,369,9,13334,0
246,55,103691,510,4,29162,0
247,41,78606,400,6,11008,0
248,22,30616,431,9,12987,0
249,69,122665,680,3,35966,1
250,51,125373,431,0,8332,0
251,23,70072,319,2,5787,0
252,39,44574,835,4,43990,0
253,28,23430,526,2,14873,0
254,65,139123,453,6,22006,0
255,33,32676,768,8,25225,0
256,50,30816,704,5,41444,0
257,26,52733,501,9,40340,0
258,23,105680,337,0,44683,0
259,33,22050,487,6,10033,0
260,46,129996,356,2,12788,0
261,20,53933,319,4,20689,0
262,37,44951,572,9,49220,0
263,53,52413,418,3,26598,0
264,36,54801,815,9,42480,0
265,43,75619,520,4,34703,0
266,20,52913,825,4,5066,0
267,36,132573,814,5,12533,0
268,37,139076,635,9,20103,0
269,49,60600,354,9,9616,0
270,24,77775,799,5,43498,0
271,69,110816,835,7,48492,0
272,58,149972,461,7,16772,0
273,50,110093,458,8,28849,0
274,57,132590,487,7,17940,0
275,56,55400,359,1,21932,0
276,35,24494,618,9,34769,0
277,57,100688,510,0,29648,0
278,18,142744,705,9,37966,0
279,28,109431,408,1,32777,0
280,45,94691,375,1,37567,0
281,42,117419,841,2,22174,1
282,67,128730,613,9,47598,0
283,40,63001,416,6,18798,0
284,48,87364,318,1,22558,0
285,47,144988,731,0,49237,1
286,59,65028,649,5,5178,0
287,52,127434,482,8,25470,0
288,24,117659,412,2,22118,0
289,33,57573,482,5,27616,0
290,43,20806,780,2,5798,1
291,65,144343,445,0,12601,0
292,69,76638,412,4,30363,0
293,66,148301,775,9,7795,0
294,19,146295,602,3,36926,1
295,18,126506,417,6,42356,0
296,65,49757,460,5,12297,0
297,29,54636,700,9,8084,0
298,22,100097,497,6,35329,0
299,54,68280,559,4,16110,0
300,49,44262,346,3,5731,0
301,26,100435,698,6,6129,0
302,58,82211,377,6,33022,0
303,52,74842,423,5,6605,0
304,36,148583,374,7,16970,0
305,65,76979,436,3,48705,0
306,33,134524,699,9,49130,0
307,20,101470,804,4,34265,0
308,37,58197,799,3,37330,1
309,41,61844,437,0,7933,0
310,50,84754,349,7,20187,0
311,41,121868,553,0,30791,0
312,69,54157,725,4,29900,0
313,28,97129,846,5,10074,0
314,66,60042,601,5,31426,0
315,25,81665,648,4,44867,0
316,53,135512,348,2,5893,0
317,55,136953,373,4,39158,0
318,57,102856,560,7,24773,0
319,37,47376,655,1,9239,1
320,52,129049,559,5,25863,0
321,65,75554,594,8,8432,0
322,42,34199,612,7,40139,0
323,52,138533,481,7,6515,0
324,42,101412,663,7,36670,0
325,46,70948,487,6,44094,0
326,35,93781,842,7,19605,0
327,63,92750,847,5,10586,0
328,35,86262,707,1,40685,1
329,19,137424,713,1,36186,1
330,52,66600,641,7,31928,0
331,33,96898,519,0,37728,0
332,58,82483,462,5,22551,0
333,53,38297,519,5,26493,0
334,50,50448,569,3,25711,0
335,21,46172,699,9,25039,0
336,50,62874,481,2,41561,0
337,31,27657,504,2,14947,0
338,38,104386,527,0,37335,0
339,65,145617,549,2,20859,0
340,37,45425,740,3,28122,1
341,25,46685,832,4,6577,0
342,24,142000,495,2,47256,0
343,20,132855,818,5,33350,0
344,34,44578,369,4,46932,0
345,50,48831,698,2,38798,1
346,65,27906,502,5,36898,0
347,29,81413,447,5,20881,0
348,68,74028,771,7,15785,0
349,39,27287,498,1,11691,0
350,39,53660,725,0,22297,1
351,63,95758,791,3,11358,1
352,47,80504,441,6,24581,0
353,55,79720,612,9,6462,0
354,55,122979,464,2,20511,0
355,62,54701,613,2,15570,1
356,68,103300,320,4,49414,0
357,25,130177,381,4,20474,0
358,44,37674,430,9,12037,0
359,44,103560,604,2,33129,1
360,51,131543,670,8,47267,0
361,38,43874,683,3,18386,1
362,47,63642,744,2,11221,1
363,50,143867,724,1,28474,1
364,45,117820,460,9,45537,0
365,64,85160,477,8,26045,0
366,50,37602,789,3,30783,1
367,22,123320,626,2,45157,1
368,65,108801,588,6,9922,0
369,36,45931,653,7,27706,0
370,21,114377,327,1,47771,0
371,52,49192,342,6,37479,0
372,66,66542,722,4,10178,0
373,34,147015,476,4,35022,0
374,61,62520,828,2,20240,1
375,45,84772,793,4,31220,0
376,47,78762,497,1,41736,0
377,46,70106,816,3,7716,1
378,63,101121,813,5,21574,0
379,23,45559,321,0,22719,0
380,52,125595,411,9,13181,0
381,58,53742,356,3,49066,0
382,54,89669,365,5,25213,0
383,41,100199,397,8,11380,0
384,46,41754,443,1,5615,0
385,66,23972,734,6,5463,0
386,63,90831,385,5,36973,0
387,48,132217,643,1,14158,1
388,52,61873,593,7,25651,0
389,50,114661,542,6,8158,0
390,69,126532,331,4,25008,0
391,38,146267,690,4,9938,0
392,49,29903,576,6,43185,0
393,40,23020,831,8,27388,0
394,50,61755,453,8,13881,0
395,20,105956,682,8,10603,0
396,35,106988,367,5,39980,0
397,42,65648,513,9,27504,0
398,59,123537,675,5,21766,0
399,48,145991,512,2,33386,0
400,20,29516,378,0,16695,0
401,57,132863,680,6,22796,0
402,63,135005,357,3,47543,0
403,41,22396,325,0,19559,0
404,67,104082,746,7,43914,0
405,49,39129,365,5,38139,0
406,64,148322,553,5,43333,0
407,39,21591,343,1,13802,0
408,40,31303,396,0,13307,0
409,19,50561,526,1,45205,0
410,44,91719,735,3,38214,1
411,59,138618,678,1,39159,1
412,19,112108,477,0,16516,0
413,43,148748,726,6,34086,0
414,34,119616,606,7,35480,0
415,57,144165,803,5,49659,0
416,50,106231,567,3,43737,0
417,26,27314,307,5,14265,0
418,60,137071,807,2,10454,1
419,65,39623,775,7,40918,0
420,56,87675,596,9,31181,0
421,46,132992,463,1,20386,0
422,59,116826,784,4,44182,0
423,43,85082,371,0,42425,0
424,52,149839,537,5,48254,0
425,67,103624,403,1,29327,0
426,42,125228,509,3,26181,0
427,41,53130,767,5,26452,0
428,30,71756,753,9,43248,0
429,24,117624,567,7,45801,0
430,53,46292,685,7,38751,0
431,62,131785,686,5,26991,0
432,37,147331,558,3,46311,0
433,18,106206,582,7,14916,0
434,25,89274,339,7,15143,0
435,63,22469,785,9,30855,0
436,33,73947,519,0,20581,0
437,31,42534,428,3,6907,0
438,29,83620,819,3,34424,1
439,68,68874,559,6,28308,0
440,40,69708,665,6,46984,0
441,32,94553,843,7,46505,0
442,45,88344,823,4,41942,0
443,51,69138,315,6,31957,0
444,19,74302,428,7,30464,0
445,49,67638,408,8,28649,0
446,40,98249,832,2,47065,1
447,39,125865,568,2,32125,0
448,68,22719,461,3,39758,0
449,42,42890,559,4,10596,0
450,39,97236,401,9,21374,0
451,39,56509,805,0,8775,1
452,66,62534,546,6,32388,0
453,69,122302,836,8,26029,0
454,59,112241,430,7,23445,0
455,23,38787,652,4,19645,0
456,32,146209,495,3,36105,0
457,60,68845,681,6,18668,0
458,54,77932,526,4,20960,0
459,50,112124,775,6,16357,0
460,25,111659,776,0,42203,1
461,61,53062,564,0,20804,0
462,61,95713,671,9,19626,0
463,22,107263,785,2,33132,1
464,56,115756,733,1,12951,1
465,21,80461,510,1,11449,0
466,23,95418,676,6,24065,0
467,62,86672,694,9,40967,0
468,49,148232,749,1,44536,1
469,69,54832,663,3,14130,1
470,47,147335,756,1,28824,1
471,64,51966,525,5,46401,0
472,52,92545,430,7,41993,0
473,57,32987,775,9,36875,0
474,69,57311,576,3,11054,0
475,33,51575,455,4,39273,0
476,30,83852,517,3,46821,0
477,67,147650,489,2,15832,0
478,59,21007,716,4,34670,0
479,47,90981,845,8,27852,0
480,36,96242,340,7,28620,0
481,34,67517,606,7,33307,0
482,36,130022,637,7,6551,0
483,45,49257,613,7,32812,0
484,43,107272,374,6,18799,0
485,54,62207,578,7,31312,0
486,43,33281,475,7,44620,0
487,40,81246,572,7,6449,0
488,26,21435,588,9,29426,0
489,29,118875,571,6,40427,0
490,18,120686,365,0,45277,0
491,18,111357,782,3,36551,1
492,64,46660,547,3,29277,0
493,51,25084,455,4,40489,0
494,49,102197,346,9,14637,0
495,65,33507,753,5,48258,0
496,42,92595,500,3,40693,0
497,57,103807,423,1,14824,0
498,62,65539,300,5,31950,0
499,18,135953,490,7,28488,0
500,33,27491,815,7,44008,0
501,56,147706,741,6,5215,0
502,22,132831,442,5,45067,0
503,39,70192,490,1,16523,0
504,46,100395,832,6,15364,0
505,20,143797,526,4,8153,0
506,29,83888,612,5,28834,0
507,43,93609,601,9,39474,0
508,33,29077,759,7,48066,0
509,68,137440,700,7,39335,0
510,54,142901,692,2,15400,1
511,39,40953,506,6,15345,0
512,46,96919,509,0,38896,0
513,31,134682,414,0,24894,0
514,45,141041,550,6,33899,0
515,22,87889,518,9,45635,0
516,64,43821,706,8,33229,0
517,66,57567,742,6,10583,0
518,47,135374,653,9,9897,0
519,63,44860,849,4,11001,0
520,69,41195,441,7,48881,0
521,22,97475,800,1,9567,1
522,29,110874,846,8,14271,0
523,33,107266,841,5,16703,0
524,43,41427,806,8,18329,0
525,43,120732,580,1,40509,0
526,65,47083,723,2,11256,1
527,38,107046,569,7,5228,0
528,56,77372,453,0,29746,0
529,53,143786,382,9,21678,0
530,50,64064,725,6,42052,0
531,47,27813,574,6,28185,0
532,54,51598,583,0,38686,0
533,40,132718,472,8,16445,0
534,27,146879,626,7,38266,0
535,22,113106,362,3,7809,0
536,53,47082,372,9,42729,0
537,51,49241,674,4,46785,0
538,69,116214,807,1,41547,1
539,48,64569,697,8,47818,0
540,27,31745,419,5,39886,0
541,36,46029,736,2,11391,1
542,49,33025,764,6,5145,0
543,18,121660,585,8,18929,0
544,22,143395,564,2,29326,0
545,62,34288,619,1,34991,1
546,21,109186,675,6,42333,0
547,33,26540,388,6,21576,0
548,41,117768,502,3,44405,0
549,33,101958,633,8,33464,0
550,19,88878,521,7,13243,0
551,66,61846,340,0,36601,0
552,45,121148,367,0,7410,0
553,49,95932,813,4,6820,0
554,44,37482,426,5,40289,0
555,37,43411,554,2,43650,0
556,41,70975,315,8,39635,0
557,29,80545,776,9,12465,0
558,67,132302,361,5,37439,0
559,52,98797,731,3,32314,1
560,50,72307,567,6,49229,0
561,50,23093,334,7,24583,0
562,68,97258,793,8,32155,0
563,60,42042,768,5,43871,0
564,54,72930,624,5,17197,0
565,29,137584,603,7,34511,0
566,20,64413,575,4,20424,0
567,18,133387,500,2,5240,0
568,50,113623,744,2,9631,1
569,57,117883,623,5,14599,0
570,27,53756,334,1,49462,0
571,60,73268,781,5,29658,0
572,61,59214,779,5,42845,0
573,46,101871,364,7,37574,0
574,30,147844,307,6,41536,0
575,29,48602,600,7,46910,0
576,48,73331,642,8,12995,0
577,63,68901,730,5,30186,0
578,19,119986,723,2,34245,1
579,68,83416,631,9,27813,0
580,67,52196,737,2,18276,1
581,52,148386,473,0,24989,0
582,40,25626,826,4,17746,0
583,34,27424,325,3,49243,0
584,43,32857,705,8,23557,0
585,25,130459,531,8,33060,0
586,46,135621,832,4,11568,0
587,43,39982,849,9,40369,0
588,27,96961,804,3,24041,1
589,43,21980,478,6,11080,0
590,51,68290,431,5,18854,0
591,68,46431,754,3,7159,1
592,58,104976,647,9,32025,0
593,24,127288,839,1,46081,1
594,21,102711,705,0,9368,1
595,67,134187,375,3,39085,0
596,62,46385,791,3,32094,1
597,28,58158,493,0,6230,0
598,46,43019,461,5,22517,0
599,53,38639,646,3,28991,1
600,42,105530,660,0,6301,1
601,38,119911,386,0,33610,0
602,53,41563,561,0,20927,0
603,27,59341,513,7,39678,0
604,54,135672,561,9,29466,0
605,26,25776,582,7,19904,0
606,41,56444,766,1,45875,1
607,52,88916,679,6,31081,0
608,66,28711,661,7,29354,0
609,52,94318,748,7,32761,0
610,65,102970,740,9,23300,0
611,53,132301,392,6,34491,0
612,35,105553,723,4,40525,0
613,66,50707,441,0,31532,0
614,56,59110,590,8,11464,0
615,49,149410,731,6,21562,0
616,41,81788,348,1,46856,0
617,40,102879,601,5,47511,0
618,49,58827,489,1,13683,0
619,54,127188,435,0,37634,0
620,29,25655,703,6,5060,0
621,66,64859,640,1,14269,1
622,30,73625,617,1,28065,1
623,40,72098,662,4,7895,0
624,42,35251,681,4,20323,0
625,52,142413,532,6,17352,0
626,58,20526,643,0,49643,1
627,47,88760,848,7,43591,0
628,34,67837,828,2,35890,1
629,66,145133,482,3,37016,0
630,37,149478,340,8,16962,0
631,65,31536,696,3,38302,1
632,42,48541,793,9,24846,0
633,39,99083,632,4,9011,0
634,30,71027,426,6,24782,0
635,36,54531,300,3,7155,0
636,66,28712,467,0,44725,0
637,53,124101,318,8,14196,0
638,29,85455,631,3,48459,1
639,58,94744,755,8,26709,0
640,36,141787,408,5,18327,0
641,29,149749,567,0,40474,0
642,26,25109,744,2,37769,1
643,24,141332,539,1,46993,0
644,45,69268,600,8,29700,0
645,31,120737,402,0,19820,0
646,48,74615,549,8,15891,0
647,69,102503,752,8,39629,0
648,36,143274,819,7,10269,0
649,64,49759,452,7,48880,0
650,33,105708,473,0,13320,0
651,22,80112,642,7,15740,0
652,52,122471,730,9,40897,0
653,29,146740,623,2,35930,1
654,42,143153,719,6,22285,0
655,69,46589,784,0,19380,1
656,38,50015,711,0,16360,1
657,53,49009,383,9,10398,0
658,40,103309,412,4,10529,0
659,33,146446,631,4,34062,0
660,56,82046,677,7,41686,0
661,62,126661,340,6,22451,0
662,59,46143,404,7,11937,0
663,56,26154,501,5,44886,0
664,31,41804,749,5,15860,0
665,48,61688,565,1,30142,0
666,22,84288,509,5,30279,0
667,52,71195,417,4,43106,0
668,40,40581,676,2,40908,1
669,46,72648,839,5,45764,0
670,60,50087,383,7,19201,0
671,28,69930,753,8,45544,0
672,35,52981,813,0,42711,1
673,64,89298,686,2,13997,1
674,29,66167,649,2,45566,1
675,26,95304,595,7,25175,0
676,27,63408,557,0,45860,0
677,61,59499,380,4,8225,0
678,34,145816,567,2,49578,0
679,55,72269,718,1,40228,1
680,24,58559,534,7,46505,0
681,63,134126,610,2,28110,1
682,30,94319,656,6,15754,0
683,57,131925,512,0,31655,0
684,59,115317,348,5,48601,0
685,26,116347,426,2,8114,0
686,67,68787,522,7,31502,0
687,44,55488,578,5,25028,0
688,19,94441,707,1,22587,1
689,22,94663,804,5,47719,0
690,46,42431,593,6,40333,0
691,54,81681,576,4,8174,0
692,55,83483,737,2,40398,1
693,36,142720,406,3,40929,0
694,25,69153,719,3,9321,1
695,65,26368,728,5,35435,0
696,62,47424,674,9,12099,0
697,18,132360,372,0,28760,0
698,39,65004,329,3,16360,0
699,69,103869,487,9,15313,0
700,34,108652,663,3,25462,1
701,24,132755,750,9,10801,0
702,42,76985,494,0,19130,0
703,62,70069,455,8,19271,0
704,21,72326,471,3,21075,0
705,53,128737,340,6,41919,0
706,23,101061,362,2,46679,0
707,48,43398,322,9,23984,0
708,36,118393,659,2,27559,1
709,61,70861,374,7,17861,0
710,56,95897,417,7,38434,0
711,44,101905,679,0,21667,1
712,27,147118,589,9,10840,0
713,43,88577,739,1,8565,1
714,36,85641,306,7,48194,0
715,56,29078,495,0,25977,0
716,20,45003,720,7,26118,0
717,62,82768,492,7,27641,0
718,30,71047,447,1,12366,0
719,67,91626,501,3,31636,0
720,45,77660,743,5,20630,0
721,37,124386,718,8,25056,0
722,45,69786,726,7,12382,0
723,25,21925,778,7,21149,0
724,58,103976,774,6,5992,0
725,56,125221,425,8,11858,0
726,18,137832,694,1,7121,1
727,20,145150,624,2,32160,1
728,30,46015,691,9,25906,0
729,45,53320,739,7,24572,0
730,66,84881,503,5,9136,0
731,42,110827,785,9,21727,0
732,50,140071,330,8,37167,0
733,55,122215,687,9,20479,0
734,23,46289,733,3,36376,1
735,61,148859,675,7,9823,0
736,62,23389,643,9,9920,0
737,49,45683,742,2,24585,1
738,62,33629,374,2,43239,0
739,64,81550,454,7,22272,0
740,38,44826,729,4,31619,0
741,33,120734,662,2,14533,1
742,38,46630,747,9,44895,0
743,28,118762,533,0,8720,0
744,54,66163,561,2,24267,0
745,53,118511,424,8,20696,0
746,52,86435,544,4,34968,0
747,36,31653,841,9,28345,0
748,37,47961,784,1,30693,1
749,35,101941,421,6,24385,0
750,64,94137,424,1,23122,0
751,58,53662,848,3,6364,1
752,66,118818,469,6,7708,0
753,31,76446,423,3,17982,0
754,32,41288,334,6,22308,0
755,48,142555,386,6,37919,0
756,18,115081,500,0,30161,0
757,20,56877,668,5,40089,0
758,33,131562,376,8,18865,0
759,40,35313,358,1,5495,0
760,28,100885,730,2,49755,1
761,29,92715,799,9,7148,0
762,27,30326,408,4,38324,0
763,49,130091,577,8,18393,0
764,33,145836,367,3,6552,0
765,25,21560,368,0,40853,0
766,55,99148,464,3,37924,0
767,29,103186,788,5,13926,0
768,41,46745,604,4,35851,0
769,45,51890,664,0,28889,1
770,25,40022,678,3,44930,1
771,45,143629,642,5,13055,0
772,53,72579,653,9,9654,0
773,43,90316,715,9,27634,0
774,25,103847,408,3,37363,0
775,67,48380,796,8,16468,0
776,45,130198,640,4,37922,0
777,45,22356,682,7,45718,0
778,54,90326,832,8,22380,0
779,58,112447,599,9,31870,0
780,53,134994,438,4,42394,0
781,44,109899,658,5,19259,0
782,34,40049,798,0,19873,1
783,26,95717,684,6,18016,0
784,50,125361,579,3,47137,0
785,37,36082,782,1,5153,1
786,30,20661,410,4,12853,0
787,45,57412,438,2,17379,0
788,65,134015,734,5,20792,0
789,46,143191,808,7,43367,0
790,30,22920,572,6,23100,0
791,63,111194,398,2,16049,0
792,52,134306,403,7,5786,0
793,23,80315,513,1,9368,0
794,35,99561,464,9,35699,0
795,68,28946,819,8,42040,0
796,22,114242,583,3,32454,0
797,64,65500,816,0,43762,1
798,42,124540,463,7,28600,0
799,19,36309,363,6,34238,0
800,27,75230,390,4,30241,0
801,47,131822,416,9,24810,0
802,67,118656,566,4,25167,0
803,62,143782,439,6,26811,0
804,22,50027,545,4,44779,0
805,50,146768,694,7,25085,0
806,18,92541,786,5,14261,0
807,35,132340,775,4,23733,0
808,49,134846,816,8,44779,0
809,64,79321,483,1,34079,0
810,66,20956,319,0,38980,0
811,28,120375,823,7,19141,0
812,38,94131,828,2,14344,1
813,43,67908,446,6,44472,0
814,42,98339,603,9,20896,0
815,39,145659,527,7,28817,0
816,44,45963,401,5,34813,0
817,66,121757,716,9,23895,0
818,30,59443,515,8,5143,0
819,50,119259,706,6,15681,0
820,51,59063,698,9,12367,0
821,58,134225,798,4,8228,0
822,52,136400,764,7,9582,0
823,18,100818,381,1,18147,0
824,38,24703,664,6,16397,0
825,65,85128,462,3,43799,0
826,23,92099,347,8,42011,0
827,45,45849,810,0,18647,1
828,34,51860,628,6,32718,0
829,22,51585,415,5,49264,0
830,48,42015,636,7,47317,0
831,22,97539,446,4,24097,0
832,55,63585,622,0,41953,1
833,20,46958,742,0,45096,1
834,40,46017,312,8,22107,0
835,54,96707,793,9,8010,0
836,54,144677,586,5,10555,0
837,27,65350,413,9,5067,0
838,27,32201,779,4,33412,0
839,36,49426,321,0,49953,0
840,34,37778,648,5,39305,0
841,38,65241,619,5,16549,0
842,31,62229,425,2,10680,0
843,26,106652,576,7,30739,0
844,63,148267,503,0,26209,0
845,18,138402,493,0,46515,0
846,68,68364,846,5,27432,0
847,62,118833,585,9,20116,0
848,30,146503,356,0,25045,0
849,21,149044,602,5,31327,0
850,18,104878,462,0,40709,0
851,66,77056,318,5,48617,0
852,57,47490,669,2,31905,1
853,49,147769,563,7,12067,0
854,51,39975,412,5,37559,0
855,45,46723,787,0,47919,1
856,48,43279,626,4,22985,0
857,25,98301,841,7,32369,0
858,56,132214,364,2,22864,0
859,43,31561,591,5,27614,0
860,51,127435,324,4,20613,0
861,20,86061,848,5,11447,0
862,67,108397,300,9,10499,0
863,29,69153,848,0,44041,1
864,18,53142,440,6,36315,0
865,61,46916,487,8,6299,0
866,22,84324,427,1,44469,0
867,47,64965,500,9,9994,0
868,47,145932,426,4,34878,0
869,34,24648,556,9,20627,0
870,65,55133,846,3,12489,1
871,64,70677,493,5,31111,0
872,40,116059,403,5,37355,0
873,32,114588,834,1,13269,1
874,54,119950,564,1,7831,0
875,38,118317,683,3,49370,1
876,31,90135,559,0,16819,0
877,19,55046,713,8,29813,0
878,28,67064,657,6,26637,0
879,68,121459,374,6,6996,0
880,56,126625,654,2,49387,1
881,55,89350,487,2,8089,0
882,51,65893,589,0,38291,0
883,55,121520,344,2,25659,0
884,67,145818,382,2,35429,0
885,51,81272,422,3,20732,0
886,35,112152,657,3,24506,1
887,47,142907,827,2,45935,1
888,32,87649,365,9,10190,0
889,44,84674,674,7,9575,0
890,68,144132,461,7,45495,0
891,51,139044,679,0,39565,1
892,69,128542,657,6,39899,0
893,55,33760,487,1,28706,0
894,50,41927,621,0,27884,1
895,41,106475,749,2,22199,1
896,32,81367,773,3,49100,1
897,47,117955,312,5,44434,0
898,59,32588,483,9,17479,0
899,68,141750,410,4,39178,0
900,34,121678,807,3,17665,1
901,22,124734,589,7,5534,0
902,46,138154,594,3,31292,0
903,21,72233,750,9,41132,0
904,27,64738,514,1,41110,0
905,34,53397,326,2,27469,0
906,27,102189,530,5,42268,0
907,34,96367,620,7,6172,0
908,37,144873,532,7,32914,0
909,41,91260,736,8,25901,0
910,22,140585,832,6,45775,0
911,51,96619,702,1,39409,1
912,23,131453,352,7,24324,0
913,19,39816,612,6,13738,0
914,30,62240,580,7,42494,0
915,60,26276,330,2,49557,0
916,60,133939,636,6,29054,0
917,65,124199,482,9,34709,0
918,28,99530,322,8,48785,0
919,68,43499,843,2,25107,1
920,64,108576,745,9,5363,0
921,40,128856,373,5,15358,0
922,33,102495,309,1,41077,0
923,48,141717,783,1,8240,1
924,28,91635,755,4,11665,0
925,33,127803,459,4,6936,0
926,25,105112,313,6,30538,0
927,21,55946,477,1,48965,0
928,57,75204,711,6,16998,0
929,21,71886,352,4,5882,0
930,42,91652,707,5,25224,0
931,20,35563,321,7,44691,0
932,49,112324,329,9,35825,0
933,20,112464,559,3,10204,0
934,44,121872,504,6,33885,0
935,46,29847,358,5,45056,0
936,49,46155,770,9,8203,0
937,67,99671,765,1,7244,1
938,68,136891,311,7,37786,0
939,36,103310,589,9,8083,0
940,38,87278,653,8,26584,0
941,22,38309,374,4,13521,0
942,35,20619,740,9,38541,0
943,45,103194,540,3,34063,0
944,59,70108,453,5,9732,0
945,39,54707,395,7,32518,0
946,38,40337,593,2,44563,0
947,23,145261,508,9,44752,0
948,18,101537,642,0,34697,1
949,22,86504,387,3,7567,0
950,58,67614,689,3,21121,1
951,29,111428,624,0,6674,1
952,43,111155,456,8,15875,0
953,63,20281,436,2,49340,0
954,51,47420,727,4,5739,0
955,66,100896,751,5,6545,0
956,31,59030,440,7,34140,0
957,43,21058,382,5,14327,0
958,62,106213,476,2,10127,0
959,44,96260,497,5,28331,0
960,26,48404,720,0,28004,1
961,43,123482,700,3,46833,1
962,64,125284,770,5,15492,0
963,39,49856,517,6,18749,0
964,64,29200,474,9,28508,0
965,47,84178,322,2,14045,0
966,60,53997,534,8,25116,0
967,65,45611,312,6,23667,0
968,34,139273,400,0,14521,0
969,43,61235,835,1,13669,1
970,53,137428,822,0,32302,1
971,18,55057,751,8,16283,0
972,25,21239,730,8,35935,0
973,66,123674,832,6,11998,0
974,52,134474,592,9,33806,0
975,69,85661,400,2,36624,0
976,32,146945,801,4,18440,0
977,64,65272,603,3,26797,1
978,39,109393,839,6,6269,0
979,31,81212,654,8,12868,0
980,43,144088,602,1,35251,1
981,45,35398,795,7,17373,0
982,40,140030,526,8,23987,0
983,31,76503,535,9,43729,0
984,41,26638,754,9,20734,0
985,19,26570,312,8,47429,0
986,62,88785,509,9,46337,0
987,43,29110,696,6,45325,0
988,31,125899,399,8,23064,0
989,68,99141,330,8,13433,0
990,24,32115,827,2,14111,1
991,20,59062,628,3,43450,1
992,64,42911,465,1,20047,0
993,40,124061,758,9,13084,0
994,63,52556,399,2,26751,0
995,60,98131,472,4,21453,0
996,64,148335,461,4,25308,0
997,62,21969,562,5,43968,0
998,35,63753,573,6,35077,0
999,55,102811,302,6,48046,0
1000,52,24470,327,0,39775,0
1001,68,141863,625,1,29503,1
1002,32,30225,448,8,7779,0
1003,42,127860,839,9,26304,0
1004,54,143008,787,1,5755,1
1005,45,127510,737,5,44263,0
1006,27,128295,364,0,47955,0
1007,56,43196,655,2,47281,1
1008,34,125823,832,1,22400,1
1009,56,33669,551,2,45115,0
1010,39,57380,534,4,19249,0
1011,43,144398,526,9,49825,0
1012,61,130677,824,5,29600,0
1013,42,135886,612,8,42706,0
1014,34,146753,348,9,24222,0
1015,30,68320,417,3,38505,0
1016,37,67414,353,6,43968,0
1017,42,123542,343,5,46139,0
1018,21,35577,352,1,46302,0
1019,27,145354,824,9,34148,0
1020,20,108009,401,7,27302,0
1021,58,146365,697,6,7623,0
1022,62,75409,437,6,13646,0
1023,35,48625,686,7,18543,0
1024,64,101040,410,0,33960,0
1025,53,44089,316,0,27785,0
1026,64,56487,481,7,17817,0
1027,39,85838,835,3,36406,1
1028,51,116999,840,4,28456,0
1029,64,130448,470,7,28777,0
1030,25,114795,708,4,25914,0
1031,57,70138,677,9,34553,0
1032,66,62823,487,3,28548,0
1033,61,57208,529,5,42265,0
1034,36,74061,418,4,45701,0
1035,59,50659,455,6,11727,0
1036,58,149824,764,9,49924,0
1037,54,121376,403,6,37427,0
1038,23,51890,801,3,21692,1
1039,69,99134,474,4,36625,0
1040,43,67055,720,2,29918,1
1041,51,132269,433,3,46395,0
1042,62,39508,690,3,46136,1
1043,23,62287,800,2,20577,1
1044,54,98916,332,9,24619,0
1045,50,46984,354,4,38710,0
1046,39,130169,818,4,42388,0
1047,38,28125,311,6,21195,0
1048,23,56059,827,3,32689,1
1049,23,89569,672,3,16154,1
1050,65,123409,783,8,44121,0
1051,21,37087,527,5,34412,0
1052,47,126437,606,3,26341,1
1053,28,135262,756,1,37018,1
1054,47,25704,459,5,14145,0
1055,48,80576,630,1,47262,1
1056,41,93384,524,4,27223,0
1057,26,107128,803,5,7880,0
1058,20,131279,755,3,26271,1
1059,68,92460,344,2,38313,0
1060,48,47208,513,6,18304,0
1061,57,138516,358,1,39695,0
1062,54,149612,494,5,35225,0
1063,53,105150,788,3,25536,1
1064,41,86024,456,5,35831,0
1065,48,59882,525,3,16673,0
1066,23,45923,711,3,26917,1
1067,19,146561,504,3,32829,0
1068,37,134044,378,8,20372,0
1069,45,121477,423,6,30938,0
1070,28,49165,770,2,7663,1
1071,21,87203,517,2,14465,0
1072,32,111749,815,5,8326,0
1073,23,24114,403,5,8659,0
1074,66,84965,692,3,32594,1
1075,47,56321,733,8,9763,0
1076,55,93297,630,3,28121,1
1077,68,116652,442,8,15828,0
1078,19,119304,839,3,16221,1
1079,32,133942,577,1,16211,0
1080,28,45426,532,1,18569,0
1081,25,37772,828,4,36358,0
1082,43,123754,389,3,42860,0
1083,68,23712,791,6,11022,0
1084,62,21367,498,4,18515,0
1085,61,126493,661,5,11159,0
1086,22,127317,740,9,46213,0
1087,23,135142,325,3,26691,0
1088,43,111736,324,1,29904,0
1089,21,71924,693,9,48790,0
1090,36,23726,806,8,8044,0
1091,37,109152,600,9,14612,0
1092,50,47723,638,6,10636,0
1093,37,146969,566,3,16593,0
1094,66,123110,760,2,7892,1
1095,29,120494,755,9,26672,0
1096,64,29108,659,2,10812,1
1097,18,97714,367,8,36085,0
1098,43,55643,711,4,5654,0
1099,31,51324,790,2,22143,1
1100,55,123896,348,4,6798,0
1101,54,103360,401,1,42927,0
1102,28,130896,515,3,34087,0
1103,53,28927,737,9,16618,0
1104,30,113680,458,1,13446,0
1105,60,116546,788,1,26646,1
1106,20,42443,541,7,41591,0
1107,50,99973,304,0,32200,0
1108,23,83449,660,6,34571,0
1109,67,129834,758,4,27538,0
1110,27,125314,547,7,45555,0
1111,22,96743,721,0,48964,1
1112,40,141805,314,6,25900,0
1113,27,80233,421,4,27356,0
1114,61,45537,576,3,28023,0
1115,19,121293,752,6,44148,0
1116,30,97576,689,9,22392,0
1117,57,127522,593,1,25698,0
1118,19,42612,745,0,47470,1
1119,37,113977,509,0,31535,0
1120,18,26471,601,0,40450,1
1121,54,55631,522,4,38757,0
1122,26,148449,302,9,17476,0
1123,34,128997,817,6,46214,0
1124,26,112059,392,1,9711,0
1125,28,51348,819,9,11479,0
1126,32,84732,727,7,36390,0
1127,41,21177,792,3,18161,1
1128,55,24760,534,2,37152,0
1129,52,52779,460,9,19635,0
1130,47,41636,630,7,45843,0
1131,48,101889,632,1,35297,1
1132,66,73551,349,2,25836,0
1133,22,31556,822,2,29831,1
1134,61,47598,791,9,6007,0
1135,67,31563,571,0,31331,0
1136,31,66819,551,5,45456,0
1137,28,129326,389,1,15763,0
1138,26,93770,745,0,8908,1
1139,51,111055,631,1,32573,1
1140,29,46966,438,5,24187,0
1141,52,140133,656,3,16957,1
1142,52,101709,573,5,9379,0
1143,18,79889,318,8,32959,0
1144,57,46987,610,9,21482,0
1145,39,98714,453,9,32105,0
1146,46,124874,689,7,5877,0
1147,25,78348,559,0,23252,0
1148,28,44596,424,7,36334,0
1149,58,53174,653,8,24049,0
1150,54,84106,572,5,22772,0
1151,31,127510,544,9,7637,0
1152,47,89967,749,4,12242,0
1153,52,79182,546,5,47025,0
1154,38,113300,819,5,46381,0
1155,54,107163,440,8,40651,0
1156,22,59310,661,3,38972,1
1157,36,76088,307,1,21928,0
1158,31,148803,777,8,33742,0
1159,43,28906,651,1,16831,1
1160,21,56914,794,9,24556,0
1161,42,130350,726,8,30343,0
1162,62,65379,338,1,27834,0
1163,59,98612,486,7,44288,0
1164,42,134828,392,8,38422,0
1165,35,147445,385,9,28205,0
1166,57,57650,343,8,23830,0
1167,25,66881,436,9,13412,0
1168,56,66413,720,8,8666,0
1169,57,26012,373,1,42045,0
1170,31,70115,847,3,25786,1
1171,49,27151,811,6,10515,0
1172,68,77716,455,1,46973,0
1173,55,113747,554,0,31627,0
1174,50,112653,470,2,20198,0
1175,40,56378,469,3,8985,0
1176,32,62652,621,7,45935,0
1177,50,92430,755,5,34475,0
1178,42,33467,454,1,45216,0
1179,34,51010,648,8,24403,0
1180,50,148647,750,1,8681,1
1181,64,141999,472,4,31019,0
1182,19,134793,309,3,32586,0
1183,31,74691,564,6,47292,0
1184,57,84157,737,7,42521,0
1185,57,128177,546,4,44850,0
1186,68,32289,845,9,41770,0
1187,56,64976,798,4,10629,0
1188,68,63596,428,1,32710,0
1189,23,43171,626,7,35328,0
1190,23,120441,703,1,17278,1
1191,20,146296,658,9,13417,0
1192,24,106365,316,5,39765,0
1193,68,138218,573,7,13963,0
1194,25,119590,415,5,42292,0
1195,59,134014,390,3,30009,0
1196,69,64139,381,3,32675,0
1197,32,68713,623,5,41175,0
1198,64,49734,413,3,11731,0
1199,46,92588,357,7,45563,0
1200,50,83646,453,8,16332,0
1201,69,23654,703,0,24177,1
1202,47,109022,565,3,28718,0
1203,56,38743,614,3,7911,1
1204,44,68368,340,1,23799,0
1205,53,110025,404,5,20194,0
1206,46,94172,492,2,9951,0
1207,55,26441,700,6,45866,0
1208,50,139735,577,4,33333,0
1209,54,44611,653,3,26673,1
1210,44,139891,555,4,45870,0
1211,50,127971,398,7,10565,0
1212,21,32149,581,2,27821,0
1213,39,120102,702,6,30494,0
1214,19,79189,408,5,38941,0
1215,27,127904,498,0,13624,0
1216,22,41675,602,6,5835,0
1217,27,91031,626,6,23646,0
1218,50,62668,453,0,16824,0
1219,55,33673,704,8,42335,0
1220,30,149582,761,5,8815,0
1221,48,96666,431,1,7429,0
1222,64,108204,383,4,46950,0
1223,53,100758,698,3,46886,1
1224,62,85429,408,6,49398,0
1225,41,43669,520,7,7607,0
1226,69,54068,667,0,30650,1
1227,32,108789,446,4,43698,0
1228,46,29435,411,2,37353,0
1229,25,114088,793,0,41790,1
1230,22,72249,804,2,16991,1
1231,46,57384,774,5,26168,0
1232,64,148782,570,6,36099,0
1233,21,101929,720,7,44385,0
1234,29,147959,666,3,40919,1
1235,62,96153,579,2,36416,0
1236,19,124056,582,4,10580,0
1237,44,95388,339,8,12054,0
1238,48,51401,488,5,29090,0
1239,68,145511,463,8,45387,0
1240,68,91831,835,5,20823,0
1241,53,139503,835,1,42341,1
1242,53,135760,303,4,20339,0
1243,43,121529,589,8,8491,0
1244,60,147834,732,7,5706,0
1245,44,54084,770,6,36957,0
1246,22,140387,480,0,20728,0
1247,37,130641,547,3,11997,0
1248,28,125111,578,6,43001,0
1249,27,75826,553,6,43523,0
1250,57,56451,480,5,30163,0
1251,55,27227,808,7,22718,0
1252,23,51910,625,5,26972,0
1253,25,56041,656,9,23231,0
1254,40,108920,690,2,44619,1
1255,64,85681,384,3,17126,0
1256,43,123314,616,2,28595,1
1257,63,101571,511,0,45633,0
1258,60,85481,814,9,17118,0
1259,29,88576,683,4,8317,0
1260,43,127958,641,0,49980,1
1261,30,149265,337,0,49115,0
1262,57,147556,810,1,48158,1
1263,35,84174,719,3,44828,1
1264,42,46160,468,5,20504,0
1265,50,135170,642,7,8057,0
1266,64,137867,605,2,31660,1
1267,57,37633,841,0,42196,1
1268,60,114880,836,2,5402,1
1269,29,37014,411,2,13605,0
1270,61,100532,710,4,20761,0
1271,53,69104,505,3,32043,0
1272,65,61621,484,3,38635,0
1273,21,97231,681,8,18779,0
1274,22,88388,795,6,20155,0
1275,54,36014,678,3,45978,1
1276,25,112578,346,2,38132,0
1277,59,53755,827,5,28851,0
1278,66,60390,803,2,20366,1
1279,45,43711,321,5,33408,0
1280,48,111658,512,8,11571,0
1281,26,77993,609,5,19017,0
1282,68,94696,571,3,44236,0
1283,46,47213,501,4,9150,0
1284,31,135788,331,5,24423,0
1285,57,124956,742,2,9137,1
1286,58,77784,461,7,34992,0
1287,39,27421,553,3,33902,0
1288,28,106936,820,7,49921,0
1289,40,119073,779,9,18833,0
1290,18,37727,309,9,6381,0
1291,63,132418,804,2,13154,1
1292,54,24358,735,9,39235,0
1293,38,85108,410,6,18439,0
1294,43,146609,452,8,24122,0
1295,63,114018,401,3,28956,0
1296,53,144457,490,7,22264,0
1297,40,52117,380,2,49774,0
1298,18,108700,788,6,8149,0
1299,68,51910,387,2,29660,0
1300,57,146888,493,6,45660,0
1301,32,118032,403,9,25528,0
1302,38,75754,395,9,6168,0
1303,64,82438,722,5,40897,0
1304,26,129847,497,1,20032,0
1305,26,49371,300,2,40294,0
1306,27,71501,706,5,48827,0
1307,69,80946,677,3,8516,1
1308,43,58467,466,5,24751,0
1309,58,37625,808,0,35373,1
1310,52,53893,612,9,35270,0
1311,69,96329,717,0,15386,1
1312,42,51007,776,2,41323,1
1313,43,111302,372,7,19157,0
1314,28,59532,440,7,42879,0
1315,55,74253,561,3,44520,0
1316,19,32323,639,5,44132,0
1317,24,131335,607,7,8626,0
1318,35,132356,544,6,25400,0
1319,44,130944,814,6,41643,0
1320,51,93379,636,3,43265,1
1321,44,34210,375,8,20979,0
1322,34,36456,474,9,16529,0
1323,60,51367,408,5,21645,0
1324,61,74624,482,2,31424,0
1325,68,30106,491,4,18382,0
1326,41,123493,364,4,9025,0
1327,42,88008,773,4,48226,0
1328,24,145926,399,7,18844,0
1329,69,135395,843,8,9175,0
1330,23,136492,427,8,35519,0
1331,41,92240,751,5,14174,0
1332,50,84315,668,5,8443,0
1333,66,89249,342,8,26395,0
1334,46,90587,718,3,15725,1
1335,60,30756,787,5,38461,0
1336,39,88011,377,3,46115,0
1337,43,56378,569,0,49548,0
1338,45,24255,614,6,36351,0
1339,67,34484,467,9,23196,0
1340,38,145703,638,5,19254,0
1341,66,76549,492,8,19021,0
1342,24,54503,752,6,10724,0
1343,34,144465,582,6,33690,0
1344,37,93794,635,1,6407,1
1345,58,145941,689,8,13032,0
1346,66,126283,824,9,22794,0
1347,37,120732,539,8,24881,0
1348,39,65113,782,5,25756,0
1349,45,125730,757,2,45162,1
1350,57,94069,388,0,34416,0
1351,66,118117,394,3,49354,0
1352,24,25249,751,2,30752,1
1353,18,145654,727,0,17926,1
1354,49,139979,450,2,38765,0
1355,30,39201,813,3,19390,1
1356,47,145541,675,7,43867,0
1357,40,78576,321,8,26939,0
1358,68,138562,612,2,32307,1
1359,36,145281,818,5,35828,0
1360,49,29686,505,9,33513,0
1361,47,132413,674,4,29502,0
1362,46,73363,750,5,35063,0
1363,66,117543,478,3,27486,0
1364,62,20661,509,9,43258,0
1365,46,64843,799,5,36692,0
1366,47,115673,763,6,43384,0
1367,33,80963,423,8,20958,0
1368,57,133092,412,9,40016,0
1369,36,62828,311,6,22232,0
1370,35,68604,425,5,15748,0
1371,18,30526,630,0,15514,1
1372,31,88910,582,1,27738,0
1373,68,45592,439,0,13695,0
1374,64,48982,700,8,13070,0
1375,67,20207,396,9,32765,0
1376,19,120969,816,9,46662,0
1377,45,137181,368,8,35761,0
1378,66,108733,417,6,21698,0
1379,67,118936,358,1,20123,0
1380,47,144982,332,5,40144,0
1381,55,145839,617,3,30616,1
1382,68,88619,349,0,42146,0
1383,21,49328,788,0,16182,1
1384,18,66479,318,4,29833,0
1385,25,128427,496,1,38342,0
1386,46,40103,749,3,36331,1
1387,56,59891,751,0,31128,1
1388,20,30754,588,3,36556,0
1389,49,119983,440,5,26969,0
1390,27,101437,383,9,26876,0
1391,27,118540,690,3,13949,1
1392,36,92982,514,0,29518,0
1393,63,122747,825,6,10670,0
1394,51,75922,514,1,29099,0
1395,50,68231,702,8,44335,0
1396,40,49301,427,2,17716,0
1397,45,111652,776,7,43885,0
1398,49,140787,703,7,12837,0
1399,67,146823,328,2,24159,0
1400,24,82711,637,3,46266,1
1401,46,61323,660,1,41877,1
1402,25,38752,691,3,26560,1
1403,18,117912,517,8,22106,0
1404,20,102205,501,1,13720,0
1405,41,118452,316,2,42661,0
1406,40,33395,621,3,33362,1
1407,25,105957,817,4,33258,0
1408,64,141237,624,0,26782,1
1409,54,76273,711,6,46168,0
1410,20,147431,617,9,26120,0
1411,68,111878,381,6,24790,0
1412,50,24895,773,8,32912,0
1413,45,139968,767,3,47907,1
1414,64,135700,724,5,39812,0
1415,25,96559,503,1,41160,0
1416,51,30699,686,3,24156,1
1417,52,85061,397,1,15672,0
1418,49,29715,644,9,19444,0
1419,41,39169,507,4,11784,0
1420,31,145436,813,6,22929,0
1421,49,138413,465,0,6070,0
1422,63,36163,321,9,27906,0
1423,60,139264,453,9,39618,0
1424,33,25782,738,6,7939,0
1425,21,108177,594,9,34841,0
1426,69,149772,518,5,47863,0
1427,54,144481,794,5,21301,0
1428,38,104328,529,7,12194,0
1429,31,135028,319,7,10851,0
1430,48,55585,447,5,21378,0
1431,65,50682,407,2,5678,0
1432,35,67864,702,4,35640,0
1433,24,149992,782,1,38756,1
1434,27,104416,666,4,34777,0
1435,24,75114,713,8,31183,0
1436,50,147810,608,9,32445,0
1437,40,58067,433,0,6502,0
1438,38,62685,582,9,26665,0
1439,36,142262,372,4,21198,0
1440,65,38073,780,5,26411,0
1441,36,56035,651,6,20867,0
1442,53,84977,625,8,19266,0
1443,46,122710,742,5,44422,0
1444,35,110373,399,4,40208,0
1445,19,103362,358,6,48002,0
1446,18,110517,807,0,36213,1
1447,64,85450,557,4,12367,0
1448,22,30382,712,1,18490,1
1449,37,24437,751,3,40362,1
1450,28,90971,364,6,43285,0
1451,59,84612,453,4,14219,0
1452,19,110355,565,5,11310,0
1453,20,81929,378,1,41307,0
1454,40,122411,614,2,34631,1
1455,29,117518,547,6,19744,0
1456,37,118864,713,1,24867,1
1457,22,32329,324,5,23625,0
1458,54,145605,583,4,11378,0
1459,55,45169,748,9,24149,0
1460,47,107468,600,0,47133,0
1461,26,54594,367,9,16422,0
1462,51,96957,306,3,32926,0
1463,61,80631,436,1,42679,0
1464,52,65033,463,3,38171,0
1465,69,83133,382,0,18180,0
1466,39,93165,719,1,32301,1
1467,61,93861,372,7,41931,0
1468,41,72290,536,5,29014,0
1469,34,114031,345,1,35936,0
1470,27,51750,561,5,19336,0
1471,47,115155,475,9,27200,0
1472,63,60461,465,8,10470,0
1473,40,93800,669,6,35859,0
1474,49,98222,353,8,19953,0
1475,34,132020,718,4,44044,0
1476,67,44226,806,6,43507,0
1477,68,26721,640,6,32433,0
1478,34,76154,426,2,30957,0
1479,31,40609,708,6,11523,0
1480,26,72130,666,0,26387,1
1481,57,92909,570,8,36169,0
1482,19,124211,678,9,27990,0
1483,62,75249,372,5,34661,0
1484,42,68895,547,4,18419,0
1485,56,114473,342,6,19457,0
1486,26,25656,676,4,7064,0
1487,39,144865,340,9,43083,0
1488,60,94520,469,4,15566,0
1489,63,83740,511,9,38085,0
1490,21,84309,792,6,36528,0
1491,43,49984,338,9,11130,0
1492,46,138947,668,6,45187,0
1493,62,93822,450,2,7042,0
1494,51,25901,410,2,9598,0
1495,40,51552,779,9,47982,0
1496,54,111245,735,2,37886,1
1497,28,51055,346,5,38477,0
1498,23,57685,665,5,33716,0
1499,35,93965,368,2,17601,0
